{"access_token": "ya29.a0AfH6SMAVafJ1BhBwVod8B7yprwlX-U1EtBhbX3F0oaCm_CBHz_2qhrNzDc7HHNtX1QyU_t9_HwhwGQBch0YLR1x8qMoVsQGS3RUT1tYqwAGJEoR5bcQuDCKPZPSyMHMO7fWgRpIn02auibxdjovBsJF5U3xC14g", "client_id": "444989996344-06obgns1896tp1p10jvso678i65r4jt1.apps.googleusercontent.com", "client_secret": "TOl4MTZ3jX2SZmvVW2lZt_YV", "refresh_token": "1//0gx1NHo_V_fnhCgYIARAAGBASNwF-L9IrfnxGLNgwdvKLg40tCZ-lpqFS6tZtWFvIKUEbDmlUM2k_Owd2xLzfIHu-Ri59-wt9kuQ", "token_expiry": "2021-06-22T13:31:26Z", "token_uri": "https://accounts.google.com/o/oauth2/token", "user_agent": null, "revoke_uri": "https://oauth2.googleapis.com/revoke", "id_token": null, "id_token_jwt": null, "token_response": {"access_token": "ya29.a0AfH6SMAVafJ1BhBwVod8B7yprwlX-U1EtBhbX3F0oaCm_CBHz_2qhrNzDc7HHNtX1QyU_t9_HwhwGQBch0YLR1x8qMoVsQGS3RUT1tYqwAGJEoR5bcQuDCKPZPSyMHMO7fWgRpIn02auibxdjovBsJF5U3xC14g", "expires_in": 3599, "scope": "https://www.googleapis.com/auth/drive", "token_type": "Bearer"}, "scopes": ["https://www.googleapis.com/auth/drive"], "token_info_uri": "https://oauth2.googleapis.com/tokeninfo", "invalid": false, "_class": "OAuth2Credentials", "_module": "oauth2client.client"}